{"cameraMode":{"drawMode":2,"name":"Shaded Wireframe","section":"Shading Mode"},"sceneLighting":true,"audioPlay":false,"sceneViewState":{"showFog":false,"showMaterialUpdate":false,"showSkybox":false,"showFlares":false,"showImageEffects":false,"showParticleSystems":false},"in2DMode":false,"pivot":{"x":0.7984292507171631,"y":-1.4796524047851563,"z":1.7360095977783204},"rotation":{"x":-0.14820386469364167,"y":-0.02759026363492012,"z":0.004136263858526945,"w":-0.9885632991790772},"size":24.971437454223634,"orthographic":false}