{"cameraMode":{"drawMode":2,"name":"Shaded Wireframe","section":"Shading Mode"},"sceneLighting":true,"audioPlay":false,"sceneViewState":{"showFog":false,"showMaterialUpdate":false,"showSkybox":false,"showFlares":false,"showImageEffects":false,"showParticleSystems":false},"in2DMode":false,"pivot":{"x":-5.714343547821045,"y":-1.2668296098709107,"z":18.433774948120118},"rotation":{"x":-0.042286261916160586,"y":0.023075075820088388,"z":-0.000976921059191227,"w":-0.9988385438919067},"size":32.05891799926758,"orthographic":false}