{"cameraMode":{"drawMode":2,"name":"Shaded Wireframe","section":"Shading Mode"},"sceneLighting":true,"audioPlay":false,"sceneViewState":{"showFog":false,"showMaterialUpdate":false,"showSkybox":false,"showFlares":false,"showImageEffects":false,"showParticleSystems":false},"in2DMode":false,"pivot":{"x":450.4031982421875,"y":379.966796875,"z":113.065185546875},"rotation":{"x":-0.042286261916160586,"y":0.023075075820088388,"z":-0.000976921059191227,"w":-0.9988385438919067},"size":1116.6396484375,"orthographic":false}