{"cameraMode":{"drawMode":0,"name":"Shaded","section":"Shading Mode"},"sceneLighting":true,"audioPlay":false,"sceneViewState":{"showFog":true,"showMaterialUpdate":false,"showSkybox":true,"showFlares":true,"showImageEffects":true,"showParticleSystems":true},"in2DMode":false,"pivot":{"x":3.334568977355957,"y":0.7938084602355957,"z":3.949693441390991},"rotation":{"x":-0.15297290682792664,"y":-0.7888105511665344,"z":0.21780255436897279,"w":-0.5540209412574768},"size":13.15581226348877,"orthographic":false}