{"cameraMode":{"drawMode":0,"name":"Shaded","section":"Shading Mode"},"sceneLighting":true,"audioPlay":false,"sceneViewState":{"showFog":true,"showMaterialUpdate":false,"showSkybox":true,"showFlares":true,"showImageEffects":true,"showParticleSystems":true},"in2DMode":false,"pivot":{"x":3.045409917831421,"y":1.7919816970825196,"z":0.05666232109069824},"rotation":{"x":-0.01949874497950077,"y":-0.004499803762882948,"z":0.00008770669955993071,"w":-0.9997997879981995},"size":3.386732339859009,"orthographic":false}