{"cameraMode":{"drawMode":0,"name":"Shaded","section":"Shading Mode"},"sceneLighting":true,"audioPlay":false,"sceneViewState":{"showFog":true,"showMaterialUpdate":false,"showSkybox":true,"showFlares":true,"showImageEffects":true,"showParticleSystems":true},"in2DMode":false,"pivot":{"x":0.09096603840589524,"y":2.151742458343506,"z":8.707088470458985},"rotation":{"x":-0.040489085018634799,"y":0.0014980841660872102,"z":-0.00006069290975574404,"w":-0.9991788864135742},"size":12.985392570495606,"orthographic":false}