{"cameraMode":{"drawMode":0,"name":"Shaded","section":"Shading Mode"},"sceneLighting":true,"audioPlay":false,"sceneViewState":{"showFog":true,"showMaterialUpdate":false,"showSkybox":true,"showFlares":true,"showImageEffects":true,"showParticleSystems":true},"in2DMode":false,"pivot":{"x":1.7747622728347779,"y":3.3378758430480959,"z":10.98361587524414},"rotation":{"x":-0.7092249393463135,"y":6.88929968628571e-10,"z":-6.28695262516743e-10,"w":-0.704982340335846},"size":5.606147289276123,"orthographic":false}