{"cameraMode":{"drawMode":0,"name":"Shaded","section":"Shading Mode"},"sceneLighting":true,"audioPlay":false,"sceneViewState":{"showFog":true,"showMaterialUpdate":false,"showSkybox":true,"showFlares":true,"showImageEffects":true,"showParticleSystems":true},"in2DMode":false,"pivot":{"x":6.297654628753662,"y":-0.5072119235992432,"z":-2.8703372478485109},"rotation":{"x":-0.10484181344509125,"y":-0.7769808173179627,"z":0.13442185521125794,"w":-0.6060032248497009},"size":13.105088233947754,"orthographic":false}